{
  "n_games": 1312,
  "league_avg_goals_per_game": 5.757621951219512,
  "league_avg_xg_per_game": 5.9400941310975615,
  "league_avg_goals_per_team_per_game": 2.878810975609756,
  "league_avg_xg_per_team_per_game": 2.9700470655487807,
  "league_avg_xg_per_hour_5v5": 4.4991
}