{
  "params": {
    "k_factor": 20,
    "home_advantage": 50,
    "mov_multiplier": 0.0,
    "mov_method": "logarithmic",
    "initial_rating": 1500
  },
  "ratings": {
    "thailand": 1577.492987797062,
    "france": 1436.924473588862,
    "peru": 1549.529682090306,
    "mongolia": 1408.8145071886881,
    "usa": 1426.6433798546577,
    "indonesia": 1512.1037777230977,
    "germany": 1453.3420790145647,
    "china": 1559.6116731617406,
    "ethiopia": 1538.7980727595818,
    "switzerland": 1472.8486975580226,
    "panama": 1471.5607133770695,
    "philippines": 1511.0149811142,
    "mexico": 1462.2949962751354,
    "oman": 1465.542320581593,
    "uk": 1471.8917168399435,
    "india": 1530.935867949543,
    "saudi_arabia": 1470.7876020501164,
    "serbia": 1526.2923286747723,
    "uae": 1474.6840357239528,
    "brazil": 1630.3326629219066,
    "guatemala": 1513.1881354127963,
    "kazakhstan": 1431.9746658114636,
    "netherlands": 1594.9684405218602,
    "pakistan": 1555.3477044190588,
    "iceland": 1569.3365673499432,
    "south_korea": 1489.842970793547,
    "rwanda": 1400.2823555826285,
    "singapore": 1484.4232974862282,
    "vietnam": 1479.8479885752286,
    "morocco": 1505.1408584828248,
    "new_zealand": 1553.26081819403,
    "canada": 1470.9396411255748
  },
  "n_games_trained": 1312
}