{
  "params": {
    "k_factor": 32,
    "home_advantage": 80,
    "initial_rating": 1500,
    "mov_multiplier": 0.5,
    "mov_method": "logarithmic"
  },
  "ratings": {
    "thailand": 1511.3678985130596,
    "switzerland": 1489.3568985560457,
    "serbia": 1494.3361279081676,
    "brazil": 1597.548076218522,
    "india": 1531.3954578942626,
    "peru": 1721.2040856266751,
    "china": 1508.0712497905724,
    "germany": 1503.562274840112,
    "guatemala": 1435.3713687757127,
    "south_korea": 1475.2907632448046,
    "mongolia": 1370.8178360436605,
    "canada": 1516.345976821883,
    "netherlands": 1676.8524615507663,
    "indonesia": 1427.6243506766568,
    "mexico": 1500.7532750205146,
    "panama": 1691.549835978517,
    "kazakhstan": 1408.5030895914297,
    "ethiopia": 1483.6595528512091,
    "rwanda": 1336.2838329239844,
    "philippines": 1614.8470378337508,
    "iceland": 1513.116739929979,
    "uae": 1429.135599959341,
    "vietnam": 1535.1494642289952,
    "morocco": 1442.5431258636395,
    "uk": 1539.0459202476206,
    "france": 1510.2770346499206,
    "singapore": 1371.0655258041913,
    "oman": 1461.242407003138,
    "new_zealand": 1392.9400031270238,
    "usa": 1466.419251258764,
    "pakistan": 1563.070851829617,
    "saudi_arabia": 1481.2526254374645
  },
  "n_games_trained": 1049
}